generated_report,ground_truth,encoder_mean,encoder_std
"The only difference between the main-deck and double deck is that both are in their natural preparation. There's no obvious pattern to be learned from them; they seem more of a two handed, open card than any other combination except for short cut damage or removal which can sometimes cost 5 mana as well at first glance but it takes far too long because there was not much space left on your front without some kind hodgepod milling spell coming through (or just slightly less so) with 1 hand sized trinket?
Grave Stalker – The easiest one since its lacklustre appearance cannot amount especially close compared against these three cards: Fiery War Axe + Heartbreak Ridge, Groundswell Infernalist. Apart an additional 2x Bonecrowned Minibosses were added due primarily toward defense when this archetype entered production although those changes could have been made optimally given Durotar/Tillronum Tron has also proven quite effective towards passing control by increasing his early game while reducing heavily armored midrange minions such Aspirants / Invisibility Strike etc., rather then outright trapping him within 4k health if possible

A few non sequiturs included:- No small change here : A complete contrast looking",Trachea and lumen of both main bronchi are open. No occlusive pathology was detected in the trachea and lumen of both main bronchi. Mediastinal structures were evaluated as suboptimal since the examination was unenhanced. As far as can be observed: the short muscle of the largest is 7 mm in millimetric lymph nodes in the upper-lower paratracheal subcarinal area. Calibration of thoracic main vascular structures is natural. No dilatation was detected in the thoracic aorta. Heart contour size is natural. Pericardial thickening-effusion was not detected. Thoracic esophagus calibration was normal and no significant pathological wall thickening was detected. No lymph node was detected in mediastinal and bilateral hilar pathological size and appearance. When evaluated in the lung parenchyma window; pleuroparenchymal sequelae density increases were observed in the left lung inferior lingular segment. No mass nodule-infiltration was detected in both lung parenchyma. Bilateral pleural thickening-effusion was not detected. No significant pathology was detected in the upper abdominal solid organs included in the study area. Bilateral adrenal gland calibration is normal. No lytic-destructive lesion was detected in bone structures. Sequelae changes in the left lung. No sign of pneumonia was detected.,-0.02661196142435074,0.8860623240470886
"Eleanor Rigby was born on October 27, 1934 in Dublin. She is a former first-class nurse and her mother died of breast cancer the same year she became one of Ireland's main newspapers.[1]
: A full length examination showed that Eleanor entered both hemispheres at approximately 18 months old without any disease or infection; no sequelae were detected with normal examinations (like heart size), it would appear from further evaluation they are not due to changes given previous emphysema but can be partially mitigated by minimal degenerative vascular calcification which could extend up until bone mass replacement has been established. In terms since there may have only slightly more than 4% fat space left between 1 mm thick sections within these dimensions for several cm across diameter arteries as well - this leaves significant open ground area where airway walls cannot reach together because passing through them becomes much harder during coronary artery bypass surgery[2]. When examined anteriorly into lower abdomen laterally increases density far exceeding preoccupation levels,[3][4], especially after thoracic lumenectomy Thorax structures increase frequently percutaneous asymmetric areas primarily observed here include ribs around upper lungs:[5],[6],[7]] However osteophytes also show enlarged apical lobes extending posteriorward towards","Trachea, both main bronchi are open. Calcific atheroma plaques are observed in the aortic arch and descending aorta. Mediastinal main vascular structures, heart contour, size are normal. Thoracic aorta diameter is normal. Pericardial effusion-thickening was not observed. Thoracic esophageal calibration was normal and no significant tumoral wall thickening was detected. No enlarged lymph nodes were detected in prevascular, pre-paratracheal, subcarinal or bilateral hilar-axillary pathological dimensions. When examined in the lung parenchyma window, a patchy ground glass density and crazy paving pattern including air bronchogram signs are observed in the left lung lower lobe superior posterior. The findings were initially evaluated in favor of an infectious process (bronchopneumonia?, viral pneumonia?). Clinical and laboratory correlation and follow-up. and differential diagnosis. Foci are observed Bone structures in the study area are natural Vertebral corpus heights are preserved. Patchy ground glass density and crazy paving pattern including air bronchogram signs are observed in the superior posterior of the left lung lower lobe. The findings were initially evaluated in favor of an infectious process (bronchopneumonia?, viral pneumonia?). Clinical and laboratory correlation and evaluation in terms of follow-up and differential diagnosis. recommended. Calcific atheromatous plaques in the aortic arch and descending aorta.",-0.022837486118078232,0.8760406374931335
"Cities have the right to limit free speech and, with more than 6.3 million residents in India today — a mass exodus that was partially blamed for causing an air-conditioned blaze at some of their most prominent tourist attractions last summer—there is no denying how open this kind area could be: In many ways it has been almost uncharacteristically closed since 2011; when Delhi's new government came into power two years ago there were few limits placed on which sections can or cannot talk about politics through radio silence (a ground breaking policy from far outside); as well people who may not understand what they are being told within 30 seconds if any thought occurs by passing up obvious political opportunities but do so because otherwise things would continue apace while these areas fizzle out due largely solely upon public opposition alone – The fact remains however I am left heartened even though clearly we must keep our distance! As one poster put It just made me want all hell broke loose When Narendra Modi entered his first days post 9 December he did something totally unprecedented No matter where you live, nobody will believe your story. There seems little doubt now given Bollywood does indeed promote civil disobedience - A study published yesterday shows US films like Fathom Events had ""lackluster"" views during its pream","In the thyroid gland, both lobes are observed to be larger than normal. If necessary, USG examination is recommended. CTO is normal. Mediastinal main vascular structures, heart contour, size are normal. Thoracic aorta diameter is normal. Pericardial effusion-thickening was not observed. Thoracic esophagus calibration was normal and no significant tumoral wall thickening was detected. No lymph node with pathological size and configuration was detected at the mediastinal and hilar level. When examined in the lung parenchyma window; Mild sequelae changes are observed at the apical level. Densities consistent with pleuroparenchymal sequelae follow in the middle lobe. Apart from this, both lung parenchyma aeration is normal and no nodular or infiltrative lesion is detected in the lung parenchyma. No bilateral pleural effusion or pneumothorax was detected. Upper abdominal organs included in the sections are normal. No space-occupying lesion was detected in the liver that entered the cross-sectional area. Bilateral adrenal glands were normal and no space-occupying lesion was detected. Surrounding soft tissue plans are natural. Bone structures in the study area are natural. Vertebral corpus heights are preserved. There was no finding compatible with pneumonia.",-0.03575043007731438,0.8551422357559204
"The main cause of the disease is shortening and narrowing in lymph nodes. The more active a lesion, including thickning or infiltration (axillary nodules), it appears to be due partly through pathological changes detected at examination; therefore not as if there are significant increases with time since diagnosis: tumoral appearance cannot increase optimally because its size was preserved after treatment [5]. A smaller lesions could have been observed on MRI examinations given that previous laboratory-based clinical evaluation can show no signpost for metastasis within 1 year before any increased mass formation has begun under these conditions.[26] Bone density will also change slightly between follow up followed by bone thickness reaching 40 cm per annum which precludes cross sections from being interpreted using this data alone when assessing lung cancer risk factors according both current limits established above[27][28], especially during normal development
7 Atherosclerosis Calcified Heart Rate Pericardial Aerobes Asparagine Patch It appeared likely around 15% hypocalcemia included approximately 5 mmHg heart rate consistent over several days No coronary artery wall calcification Due primarilyto bilateral hypertrophic vascular structure Thoracical parenchyma There were minimal obstructive pulmonary edema together With other findings such upper abdominal compression extending 2 h In addition","Trachea, both main bronchi are open. Heart size, contour, configuration are natural. Mediastinal main vascular structures are natural. In the mediastinum, prevascular, preparatracheal, and calcific lymph nodes were observed at the hilar level, with a diameter of both hilar short axis not exceeding 1 cm. No lymph nodes were detected in pathological size and appearance. Abdominal solid organs are normal in sections passing through the upper abdomen. No clear focal lesion was observed in the liver and spleen. No space-occupying lesion was observed in both adrenal sites. When the lung parenchyma window is examined; increased aeration of both lungs. Thorax AP diameter increased. There are diffuse emphysematous changes in both lungs. Volume loss, structural distortion and sequelae pleuroparenchymal-fibrotic recessions accompanied by subpleural bullae were observed in both upper lobe apex of both lungs. In both lungs, bronchiectasis in the central part, which is more prominent in cystic form, was observed. In the right lung upper lobe posterior, a rounded consolidation area of approximately 1 cm accompanied by subpleural sequelae retraction was initially evaluated in favor of round atelectasis. In addition, more prominent sequela pleuroparenchymal band-fibrotic recessions are observed in the upper lobe of both lungs on the right and in the lower lobes of both lungs, anteromedial and posterobasal sequelae. In the lower lobe of the right lung, the appearance of hyperdense foreign bodies in linear form is observed. A subpleural 5 mm diameter nodule was observed in the left lung lower lobe laterobasal. There are minimal subsegmental atelectatic changes in the left lung lingular segment inferior. Interlobular septal thickness increases are observed in the lower lobes of both lungs, more prominently on the left. Thoracic kyphosis slightly flattened. Vertebra corpus heights and alignments are natural. No lytic - destructive lesion was observed. No pleural effusion was detected in both hemithorax. Mediastinal milimetric, hilar calcific lymph nodes. Diffuse emphysematous appearance in both lungs. Bronchiectatic changes in cystic form, more prominent in the center of both lungs. More pronounced sequelae in the lower lobes of both lungs",-0.02146187052130699,0.8509270548820496
"Cities of the World and Its Esophagus, No. 1 on my list
This short study examined 388 non-English speaking countries in 14 subcategories including: (i) borders; (+), prefectural regions with no discernible foreign language or a lack thereof (""peoples not described as per capita mass at population level); (-b)), secondary cities characterized by an extensive number to more than 5 million inhabitants but few natural populations observed outside their main area within 25 kilometers along its axis [17], i.e., less developed areas are considered lower left/middle ground? The major finding was that some 32% were primarily based for agriculture because they included both small towns like Naxaluru where there is open space between 2x5 km2 diameter hilly terrain extending from it up into almost 4km3 which leaves little room nor significant changes towards larger denser sections due largely coinciding geographic distances reaching 3×10 meters6 7 In terms since most other parts here can be distinguished right through upper layers such levels seem far below typical limits recommended lateration19 8 It has been suggested this examination could also partially explain why large segments include mostly free air traffic passing them together via several intermodular pathways27 9 This may have led to increased consolidation under","Trachea, both main bronchi are open. Mediastinal main vascular structures, heart contour, size are normal. Thoracic aorta diameter is normal. Pericardial effusion-thickening was not observed. Thoracic esophagus calibration was normal and no significant tumoral wall thickening was detected. No enlarged lymph nodes in prevascular, pre-paratracheal, subcarinal or bilateral hilar-axillary pathological dimensions were detected. When examined in the lung parenchyma window; A few millimetric nonspecific nodules are observed in both lungs. Pleural effusion-thickening was not detected. Upper abdominal organs included in the sections are normal. No space-occupying lesion was detected in the liver that entered the cross-sectional area. Bilateral adrenal glands were normal and no space-occupying lesion was detected. Bone structures in the study area are natural. Vertebral corpus heights are preserved. Several millimetric nonspecific nodules in both lungs.",-0.03482087701559067,0.8672782778739929
"H.R 1, the main objective of this bill is to decrease drug-related hospitalizations and prevent or detect a new formaldehyde in airway compartments at airports that are not open for examination; increase patient days due out on nonemergency grounds (e:g., influenza). The previous cost study was no longer included because it recommended using less dilutions with honeycomb emulsification per breath than normal limits. However, more extensive clinical trials were warranted without significantly exceeding those observed through lower doses from unapproved natural materials as far back by approximately 15 years since its inception during World Trade Center 2 evacuation periods.[1] Several smaller studies evaluated liver metastasis within 4 months after ground contact changes may be considered when determining which laboratory window can predict how long they will take up space provided there isn't significant shortening between lung parenchyma size increases over 5 cm2[6]. In contrast ;10 pneumonic pneumonia could remain infectious if left untreated indefinitely given minimal secondary bronchodilation level differences appear consistent [11], although several small preclinical findings have been reported following 9 year follow-up but lack clear statistical support until now
In addition we examined whether increased consolidation together administration causes pulmonary nodules instead caused subcutaneous effusion density differential sequelae similar",Trachea and lumen of both main bronchi are open. No occlusive pathology was detected in the trachea and lumen of both main bronchi. Calibration of thoracic main vascular structures is natural. Heart contour size is natural. Pericardial thickening-effusion was not detected. Thoracic esophagus calibration was normal and no significant pathological wall thickening was detected. No lymph node was detected in mediastinal and bilateral hilar pathological size and appearance. When examined in the lung parenchyma window; no mass nodule-infiltration was detected in both lung parenchyma. No pleural effusion was detected. There is millimetric nodular density in the major fissure in series 202 image 85 in the superior right lung lower lobe. Upper abdominal sections entering the examination area are natural. Bilateral adrenal gland calibration was normal and no space-occupying lesion was detected. No lytic-destructive lesion was detected in bone structures. There is millimetric nodular density in the major fissure in series 202 image 85 in the superior right lung lower lobe.,-0.03048267960548401,0.7895553708076477
"An employee of the New York City Transit Authority was assaulted and robbed in central Brooklyn on Thursday.
 (Published Friday, Sept 29)2:53PM EST HOMELESS CATEGORY BATTLE FALLS On a quiet street next to Central Park Circle with no light rail or mass transit at full capacity it's hard not be suspicious when there is something out for both riders as well-wishers open their wallets around 6 p; however if you are far from where they could have been duelling them within 30 minutes then don't let that distract your attention because this may happen more frequently than most places do unfortunately but just keep an eye peeled all night through these windows up until 8? No matter what window does occur go away! As some passing motorists can attest since 11th April two men entered his trunk entering 456 N 3rd St.; he clearly thought ""car thief"" followed him inside which cost 2 lives including one who has described how many passengers were dragged towards her house while she hovered over top making slight smears consistent across several glass fissures between cars together causing minimal damage - especially given any number had seen previous major thefts later... A middle aged man walks past 563 E 15 th Street without looking back according its main appearance suggesting",Trachea and lumen of both main bronchi are open. No occlusive pathology was detected in the trachea and lumen of both main bronchi. Mediastinal structures were evaluated as suboptimal since the examination was unenhanced. As far as can be observed: Findings consistent with gynecomastia were observed in the bilateral retroalveolar area. Calibration of thoracic main vascular structures is natural. No dilatation was detected in the thoracic aorta. Heart contour size is natural. Pericardial thickening-effusion was not detected. Thoracic esophagus calibration was normal and no significant pathological wall thickening was detected. No lymph node was detected in mediastinal and bilateral hilar pathological size and appearance. When examined in the lung parenchyma window; A nonspecific parenchymal nodule with a diameter of 5 mm was observed in the anterobasal segment of the lower lobe of the right lung. A millimetric air cyst was observed in the upper lobe of the right lung. Upper abdominal sections entering the examination area are natural. Bilateral adrenal gland calibration was normal and no space-occupying lesion was detected. Mild degenerative changes were observed in bone structures. No lytic-destructive lesion was detected. Nonspecific parenchymal nodule in the lower lobe of the right lung. Millimetric sized air cyst in the upper lobe of the right lung. No sign of pneumonia was detected.,-0.035096533596515656,0.851551353931427
"It's not just the size of its base. It also has a number of small, light-sized fissures in it that can cause fractures and perforations; glass pouches are far more common than ground level windows or window plaques were 5 feet away on their normal widths (think: 2x19m). The upper lobes have natural diameter because they cannot be clearly seen from space due to obstructions made by air pressure differences as well, with minimal discernible borders within them. There is no thickening at both ends but there may still exist some slight metallic density extending up through many areas such an area was observed partially occlusive slightly wider along each end where materials could fill this segment which might increase cross sections especially for those lower mass vertebrae included into fracture structures A major finding about bone densities given dimensions together would appear similar across all linear axes around 4 mm3 Bilateral calcifications seem consistent between 6mm9 cm2 Horseshoe contour line thickness decreased 7% since previous measurements 10/21 Mediastinum Bone Calcification In contrast Dr Fudorov noted several changes starting approximately 3rd century AD including increased disease pathology typical among preoccupation group study populations 11
The main osteop","Trachea, both main bronchi are open. Mediastinal main vascular structures, heart contour, size are normal. Thoracic aorta diameter is normal. Pericardial effusion-thickening was not observed. Thoracic esophagus calibration was normal and no significant tumoral wall thickening was detected. No enlarged lymph nodes in prevascular, pre-paratracheal, subcarinal or bilateral hilar-axillary pathological dimensions were detected. When examined in the lung parenchyma window; In both lungs, there are ground glass densities detected in the halo signs in which the expansion of the vascular structures is also observed in the small, mostly subpleural localized in a diffuse patchy manner. It was evaluated in favor of Covid-19 viral pneumonia. Clinical and laboratory correlation and follow-up are recommended. Upper abdominal organs included in the sections are normal. No space-occupying lesion was detected in the liver that entered the cross-sectional area. Bilateral adrenal glands were normal and no space-occupying lesion was detected. Bone structures in the study area are natural. Vertebral corpus heights are preserved. Findings consistent with Covid-19 viral pneumonia. Clinical and laboratory correlation and follow-up are recommended.",-0.03368808329105377,0.8544764518737793
"No. 3: The F-35 is more than a short review, and the cost of an upgrade to planes are far lower; it has no significant performance increase in terms? No question! A few changes could be made (e5a8f9b), which have minimal impact on my current game plans at this point - both because I cannot fly with that much air speed right now or due as most aircraft do not use aerodynamic control for low rollover from overhead towards ground level without causing mass loss compared either other sections within wing structures/rotor material area) but also mostly by consolidating them together under different wingspan configurations into two main sized areas near equal distances between each BFR port so they can cross through open space slightly further upwind since these upper limits depend greatly upon how long you'll stay active during takeoff when entering wideband airspace via free running window distortion. Other major differences include being approximately 15% larger size per plane while retaining some form factor optimisation available today especially given its lack there just before 9pm local time left after 6am USO3 was entered first round.. In addition all smaller non linear engines primarily utilize their natural tendency toward wall thicknessening initially rather then completely axial width extending backwards around corners until finally reaching 90 degrees","Trachea, both main bronchi are open. Mediastinal main vascular structures, heart contour, size are normal. Thoracic aorta diameter is normal. Pericardial effusion-thickening was not observed. Thoracic esophagus calibration was normal and no significant tumoral wall thickening was detected. No enlarged lymph nodes in prevascular, pre-paratracheal, subcarinal or bilateral hilar-axillary pathological dimensions were detected. When examined in the lung parenchyma window; A few millimetric nonspecific nodules were observed in both lungs. Aeration of both lung parenchyma is normal and no nodular or infiltrative lesion is detected in the lung parenchyma. Pleural effusion-thickening was not detected. Upper abdominal organs included in the sections are normal. No space-occupying lesion was detected in the liver that entered the cross-sectional area. Bilateral adrenal glands were normal and no space-occupying lesion was detected. Thoracic vertebrae are mildly degenerative. Millimetric nonspecific nodules in both lungs. Thoracic spondylosis.",-0.027130749076604843,0.8810468316078186
"-
. (i) No person, firm or corporation of this State may: use the materials described in subpart F to commit an offense; and/or engage any other ground for a conviction under section 919(a)(7). The following is considered per se false advertising as it was not recommended by its terms? It appears that no material at all can be evaluated because there are only several sections which have been included together with some number relating solely specifically to commercial matters within these parts including those referred both before Congress on July 22 but prior thereto since passing into law § 3510A. As far back through 1937 - when most significant changes were made concerning mass production requirements In addition however they appear so few days old due largely upon examination after their introduction 2 years ago There has also come slightly more than 20 months between June 26th 1941 until December 31st 1942 during prewar conditions where approximately 15% less millimeter thick particles could clearly reach US borders entering from areas around Europe 3 weeks later A small patch containing 4 mm diameter air ducts located 6 degrees below sea level increases natural density 7 hq inch amount consistent over previous 50 yrs 10 cm thickness difference 5x5mm increase linear distortion measuring up 12 meters 11 m6 degree change 8 centimeters size normal area","Trachea, both main bronchi are open. No lymph node in pathological size and appearance was observed in the supraclavicular fossa in the axilla. Heart dimensions and compartments appear natural. Pericardial effusion was not detected. No lymph node was observed in the mediastinum in pathological size and appearance. LAD calcific atheroma plaques are present. Thoracic esophageal calibration was normal and no significant tumoral wall thickening was detected. When examined in the lung parenchyma window; Pneumonic infiltrative involvement is observed in all segments of both lungs in the form of bilaterally asymmetrical predominantly subpleural localized ground glass opacity with air bronchograms, septal thickenings and consolidation areas. His progression could not be evaluated due to the lack of previous imaging. No nodular or mass lesion was detected in both lung parenchyma. Pleural effusion-thickening was not detected. No features were detected in the upper abdomen sections. No lytic-destructive lesion was detected in the bone structures included in the study area. Atypical pneumonic infiltrates in both lungs with a pattern consistent with covid pneumonia radiologically",-0.020990988239645958,0.8847593665122986
"The heart of the NIMBYist was this line: ""A man with a bad case is just as likely to be in favor or against, but more right than wrong. When people are given up on finding out that their organs have stopped functioning and there's no sign they can continue at any level for many years (or even decades), it increases my sense enough not only could I lose both lungs because he has been passing through his esophagus; which changes within 5-7 days after surgery -- since natural limits were observed) would change from normal physiological levels."" The bone structure described here cannot actually extend far beyond its current size without replacement by other structures around them such Asperger syndrome also extends wider if left untreated due primarilyto adrenal glands disease. In addition, most vertebrates lack rudimentary main vascular system including thymus lumenum glandular nodules extending almost completely into peripheral lobes causing secondary pathological infiltrations like thickening discolouration called fibrosclerosis No lower lobe lymph node density will cause major cardiac lesion If you do see lesions consistentwith an enlarged abdomen compare these findings between upper abdominal radiographs where hemispheric differences appear lessened during short space distances2 An area smaller compared Toeodent diameter 9 mm3 However","Trachea and both main bronchi are open. No occlusive pathology was detected in the trachea and both main bronchi. There are millimetric nonspecific nodules in both lungs. No mass or infiltrative lesion was detected in both lungs. Mediastinal structures cannot be evaluated optimally because contrast material is not given. As far as can be observed: Heart contour and size are normal. No pleural or pericardial effusion was detected. The widths of the mediastinal main vascular structures are normal. No pathologically enlarged lymph nodes were detected in the mediastinum and hilar regions. No pathological wall thickness increase was observed in the esophagus within the sections. No upper abdominal free fluid-collection was detected in the sections. No enlarged lymph nodes in pathological dimensions were detected. In the upper abdominal organs within the sections, there is no mass with distinguishable borders as far as it can be observed within the borders of non-enhanced CT. There is a 6 mm diameter stone in the upper pole of the right kidney. Thoracic vertebral corpus heights, alignments and densities are normal. Intervertebral disc distances are preserved. The neural foramina are open. No lytic-destructive lesions were detected in the bone structures within the sections. Nodules in both lungs. Right nephrolithiasis",-0.035802748054265976,0.8434839248657227
"Trachea, as a sign of an open heart is given in the upper left corner; it was not thought to be accompanied by mass. In some natural places (such nocturnal cairns), tracings were observed extending at about 22-23 mm above and below ground level when on foot or with other material: As far as can readily remember from his short life record, Pliny's epigram ""The Mediæval Sea"" included numerous crossbow plaques that clearly show both sides together before one another during combat within their respective regions - its most prominent image being seen approximately 4 million years ago near Veraeum. Trachymosis appeared frequently throughout Pleistocene times between 30C C5th through 27D A lytic disease which has since been partially understood only later than bone structures are examined for osteophytes ; No known significant changes occurred following this diagnosis because there remained space free air consistent across many major vertebrae detected around 40km N2/38E1 after extensive laboratory examination showing increased thicknesses exceeding 9 cm up towards 43% thickening due primarily toward axillary nodules including presegmental lobe lobule sections 5X10 m3 8 3 Humboldt lymph nodes appear enlarged slightly wider per",Trachea and both main bronchi are open. No occlusive pathology was detected in the trachea and both main bronchi. There are pleuroparenchymal sequelae changes in both lung apex. Atelectasis were observed in the middle lobe of the right lung and the lingular segment of the left lung upper lobe. Minimal emphysematous changes were observed in both lungs. There are several millimetric nonspecific nodules in both lungs. There is no mass or infiltrative lesion in both lungs. Mediastinal structures cannot be evaluated optimally because contrast material is not given. As far as can be observed: Heart contour and size are normal. No pleural or pericardial effusion was detected. There are atheromatous plaques in the aorta and coronary arteries. There are no pathologically enlarged lymph nodes in the mediastinum and hilar regions. There is a sliding type hiatal hernia at the lower end of the esophagus. No pathological increase in wall thickness was detected in the esophagus within the sections. No upper abdominal free fluid-collection or pathologically enlarged lymph nodes were detected in the sections. No lytic-destructive lesions were detected in the bone structures within the sections. There is a Schmorl nodule on the T11 vertebra superior end plate that causes minimal height loss. Other vertebral body heights within the sections are normal. Intervertebral disc distances are narrowed. The neural foramina are open. Emphysematous changes in both lungs Pleuroparenchymal sequelae changes in both lungs Atelectasis in both lungs Millimetric nodules in both lungs Atherosclerotic changes in aorta and coronary arteries Hiatal hernia,-0.014831120148301125,0.8418667316436768
"What is it about?


-Easy to follow, no fuss and very clean. No frills or anything fancy; just a slight change of material around the corners that can be completely removed in one go - minimal friction with every increase (up from.5 mm up). The new size glass does not lack for both light weight as well: there are far more active materials than you could possibly imagine at these price points! If all goes according its plan on this window watch will make an appearance within 6 months since opening day because everything was free space pre opened together."" Read More » A few years later... In 2010 I decided to open my eyes by starting over after 10 days without any changes made due primarily/generally (i) finding myself constantly retracing how they were sliding towards me when entering certain heights through out their natural path while also measuring distances passing them which may have occluded view control into other planes including right hand sections during aerobatic airways such transitions being observed frequently whilst flying left handed aircraft especially given significant crosswinds periscope calibration optimisation extending upwardly along several dimensions throughout each image area's main axis causing contrast levels between ground level areas increased slightly based upon previous examination findings showing clear hiatal irregularities found consistent across","Mediastinal vascular structures and cardiac examination could not be evaluated optimally because of the lack of IV contrast. As far as can be seen; There are calcified atheromatous plaques on the walls of the aortic arch and coronary vascular structures. Calibration of mediastinal vascular structures is natural. Heart contour and size are natural. No pericardial or pleural effusion was observed. Trachea, both main bronchi are open and no occlusive pathology is detected. No pathological increase in wall thickness was observed in the thoracic esophagus. No lymph node was observed in the mediastinum in pathological size and appearance. When examined in the lung parenchyma window; No active infiltration or mass lesion was observed in both lungs. In both lungs, nonspecific nodules of millimetric dimensions were observed, the largest of which was 4.5 mm in the anterior segment of the left lung upper lobe. There are minimal emphysematous changes in both lungs. There are diffuse mild ectasia and minimal peribronchial diffuse thickness increases that become prominent in the central bronchial structures of both lungs. Locally sequela parenchymal changes were observed in both lungs. There is diffuse minimal decrease in liver parenchyma density secondary to hepatosteatosis in in-image upper abdominal sections. A millimetric hyperdense stone was observed in the gallbladder lumen. There are lesions of hypodense fluid density measuring 28 mm in diameter, located parapelvic in the upper pole of the left kidney, and 25 mm in diameter, located cortical in the middle zone of the right kidney. Not clearly characterized (cyst?) within the limits of unenhanced CT. No lytic or destructive bone lesions were observed in the bone structures within the image. No active infiltration or mass lesion was observed in both lungs. There are local sequela parenchymal changes, nonspecific nodules in millimeters and minimal emphysematous changes, diffuse mild ectasia in bilateral bronchial structures and minimal peribronchial thickness increases. Lesions of hypodense fluid density, located cortical in the middle zone of the right kidney and parapelvic in the upper pole of the left kidney, could not be clearly characterized within the borders of unenhanced CT; cyst? Hepatosteatosis Cholelithiasis Degenerative changes in bone structures",-0.022847704589366913,0.8485100269317627
"
O.G., There is a difference between the image of Heaven and Hell: with no heaven or hell in sight, there are far-away places that can be seen from space; it cannot have any part whatever more than passing through them together at irregular intervals because their widths extend as much around its corners.[2] When we look for things which appear to fall on an island near where they entered into our knowledge—a wall made up entirely by air rather like stone instead —the appearance changes very little according both degree (or density) but does not change due merely temporal size except after reaching some point close enough along one's axis towards another.""[3][4]. The contrast comes primarily when these natural phenomena become less obvious since ground glass thickness increases if water enters within limits during dry weather,[5], especially given raincloud thickening may increase this cost slightly later upon entering earthglass window sizes also decrease significantly depending solely onto precipitation levels[6]: A large number will fill many windows smaller sections per square meter including middle zones(elevation). In addition over 10x10m would make finding open areas almost unachievable even without using long distance methods such geologically speaking [7](1935); approximately 5X12 m was recommended extending 1 mile","Trachea and main bronchi are open. Right upper, bilateral lower paratracheal millimetric lymph node is observed. No pathological LAP was detected in the mediastinum. Calcific plaques are observed in the coronary arteries in the aortic arch. The cardiothoracic index is natural. Pleural effusion-thickening was not detected in both hemithorax. In the evaluation of both lung parenchyma; linear pleuroparenchymal sequelae are observed with a few tubular bronchiectasis in the left lung lingular segment in the middle lobe of the right lung. A nodule with a diameter of 4.5 mm in the anterior segment of the left lung upper lobe, 5.5 mm in diameter in the lower lobe superior segment, 3.5 mm in diameter immediately adjacent, and 5.5 mm in diameter in the lower lobe laterobasal segment is observed. A 2.5 mm diameter nodule is observed in the right lung lower lobe laterobasal segment. A few thin-walled air cysts are observed in the left lung. Hypodense nodular lesions, which are thought to belong to cortical cysts in the right kidney, and parapelvic cysts in the left kidney, which are partially within the examination area, are observed. No obvious pathology was detected in bone structures. Ectasia and pleuroparenchymal sequelae in several bronchi in the right lung middle lobe left lung lingular segment. Several nodules, the largest of which is 5.5 mm in diameter, in both lungs. Several thin-walled air cysts in the left lung.",-0.019345790147781372,0.8629737496376038
"The main difference is that in a case like this, the liver and kidney are open to new fluid. In some cases (like atopic dermatitis) there may be no obvious pathologies or viral pathology; if it was infectious disease due primarily either directly through pre-infection with an emphysema mass of its own during surgery on bone structures such as kidneys from previous trachea procedures than natural infection can result because both organs were not present within 12 h after they entered normal tissue size by way which leaves space for nonspecific lymph nodes passing between adjacent sections without significant infiltration into surrounding lung walls – something I cannot see today especially since most airway examination has given up finding tumours). There's also small area distortion known about bilateral bronchioma: nodules appear more prominent initially when obstructive upper abdominal wall obstruction increases rather markedly among patients who have partially developed pneumonia secondary prevention. The contrast here might reflect increased susceptibility/contrastal lesioned areas across different clinical dimensions towards metastasis? No change observed except slightly attenuation accompanied perhaps somewhat larger diameter changes seen almost nonparatyphologically together, pericardial thickening could well increase effusion density lowerly where current study shows minimal cross sectionality?
A few additional points need mentioning","Evaluation of solid organs and vascular structures is suboptimal because the examination is non-contrast. Trachea, both main bronchi are open. Mediastinal main vascular structures, heart contour, size are normal. Pericardial effusion-thickening was not observed. Calcific atheroma plaques are observed in the aorta and coronary arteries. Thoracic esophagus calibration was normal and no significant pathological wall thickening was detected. Lymphadenopathy was not observed in both axillae in the mediastinal area and in the retropectoral regions in pathological size and appearance. No pathological appearance was detected in the precardiac fat pad. When examined in the lung parenchyma window; Emphysematous changes are observed in both lungs. Pleuroparenchymal linear densities are observed in the linear segment of the upper lobe of the left lung. Apart from this, pleuroparenchymal linear densities are observed in the lower lobes of both lungs. Apart from this, no mass was observed in both lungs. Nonspecific pulmonary nodules with a diameter of 4 mm are observed in both lungs, the largest of which is in the anterior segment of the left lung upper lobe. In the vertebrae, especially in the upper thoracic vertebrae, osteophytes are observed in the appearance of merging with each other. In segment 8 localization, a slightly hypodense appearance with a diameter of 9 mm is observed, which does not create a clear border in the subcapsular area and cannot be characterized in this examination. In case of clinical necessity, US examination is recommended. A hypodense appearance with a diameter of 2.5 cm with exophytic extension is observed in the right kidney (cyst?). In the middle part of the left kidney, a hypodense, well-defined appearance with a diameter of 27 mm is observed with a pelvic location (parapelvic cyst?). Bilateral adrenal glands were normal and no space-occupying lesion was detected. Bone structures in the study area are natural. Vertebral corpus heights are preserved. Minimal emphysematous changes. Calcific atheroma plaques in the aorta and coronary arteries. Linear fibrotic densities and nonspecific pulmonary nodules in both lungs. Hypodense appearance in the liver at segment 8 level, which is primarily evaluated nonspecifically and does not form",-0.032079145312309265,0.875145435333252
"Trachea was just 8 years old and, at that time of the year in Mexico City is an ideal place to be. There's a natural area around it with little or no water due south into Central America so you can enjoy both tropical regions like nature are free from pollution on this side but there have been far more diseases than they could handle because much less light enters through these narrow passages which leaves them full-bodied hiatuses (small birds)
 Mediterranean countries: A few days later he entered his native Colombia. Mediocre health care; especially for those who were already homeless as some left their houses without adequate food given its limited space including lackadaisical pneumonia pandemic In addition, Mosaic has observed significant increase in lung cancer within Cuba while The Wall Street Journal reports ""Fatalities increased up 20% since 2006"" This shows how infectious disease continues today passing by every day not only between medical workers working right now also outside work zones such As well among people close together may see other chronic viral infections being detected entering lungs It wasn't long before Viral pneumonitis emerged primarily after emphysema caused heart arrhythmias followed immediately when exposure occurred When examined inside cardiac vesicles infecting approximately 10 percent(?) vascular","Trachea and main bronchi are open. There is a right upper paratracheal, millimetric lymph node. No pathological LAP was detected in the mediastinum. The heart and mediastinal vascular structures have a natural appearance. Pleural effusion-thickening was not detected in both hemithorax. In the evaluation of both lung parenchyma; predominant ground glass densities-patch consolidations are observed in the peripheral lung tissue in the right lung middle lobe and both lung lower lobes. Pleuroparenchymal sequelae and ectasia in several bronchi are observed in the major fissure localization in the right lung. In the sections passing through the upper part of the abdomen, the bilateral adrenal glands appear natural. No significant pathology was detected in the abdominal sections. No lytic-destructive lesion was detected in bone structures. Predominant ground-glass densities-patchical consolidations in the peripheral lung tissue in the middle lobe of the right lung, lower lobes of both lungs. Typical findings for Covid-19 pneumonia.",-0.03737112507224083,0.8540015816688538
"
A man was shot and killed while a friend at his home in the middle of Lake County, Michigan. The 37 year old victim said he thought it could be because an open window is opening up to block light from entering through that area due since June 1st 2012 when police are asking for help finding their assailant who has not been identified as 42-year/old George Nix. He entered into what appears like both residential areas with no windows were observed there which left one glass wall shattered by gunfire on Sunday evening.. A few minutes later Police began questioning John Hargrove over suspicious circumstances (a lack thereof) after receiving reports multiple shots fired; they found No significant injuries reported including non life threatening gunshot wounds or other short term obstructive lung disease such pneumonia resulting intravascular edema consistent head contour space loss There have alsobeen several robberies within approximately 15 days surrounding this shooting: In April 2011 four burglars stole 4 guns belonging right next door along Main Street near Millbrae Mall outside Wabash Ave Park Road & Highlight Rd between 5th Avenue Stationary Stairs facing west canals hollywood massif main road 2nd floor apartments 3rd Floor Apartments around 9PM As far back then we cannot say how many people attended today's","The mediastinal main vascular structures and the heart could not be evaluated optimally due to the lack of IV contrast, and as far as can be observed, the calibration of the vascular structures, the heart contour and size are natural. No pericardial, pleural effusion or thickening was detected. Trachea, both main bronchi are open and no occlusive pathology is detected. No pathological increase in thoracic esophagus wall thickness is observed. In the mediastinum, in both axillary regions and in the supraclavicular fossa, no lymph nodes are observed in pathological size and appearance. When examined in the lung parenchyma window; In the left lung upper lobe lingular segment and lower lobe posterobasal segment, in the right lung lower lobe and middle lobe, there are peripheral subpleural areas of increase in density consistent with linear-subsegmental atelectasis, accompanied by areas of blurred circumscribed ground glass and density increase consistent with consolidation. The findings suggest Covid-19 pneumonia during the recovery period. It is recommended to be evaluated together with clinical and laboratory findings. No pathology was detected in the upper abdominal sections within the image. No lytic-destructive lesion was observed in the bone structures within the image. In the left lung upper lobe lingular segment and lower lobe posterobasal segment, in the right lung lower lobe and middle lobe, there are peripheral subpleural areas of increase in density consistent with linear-subsegmental atelectasis, accompanied by areas of blurred circumscribed ground glass and density increase consistent with consolidation. The findings suggest Covid-19 pneumonia during the recovery period. It is recommended to be evaluated together with clinical and laboratory findings.",-0.01697433926165104,0.8659802079200745
"U.S.-based and based on the first-line US naval vessel (USCG) in service with Operation Iraqi Freedom, it is a large ship that can be seen through ground or air searchlights to an area far from its main port of Deir ez Zor; at least 10 other UA3 aircraft are also given special attention since they appear primarily as radar emplacements within midair when approaching suspicious individuals for up close review:
In addition two more AIMR2 space planes have been observed entering Israeli airspace early this morning after passing over major natural gas stations located just outside Israel's borders along Gaza border into Tel Aviv [5]. In light effusive image taken by Nava Abu Jarabieh shows both Leningrad No1s heading towards Bnei Brak Homa/Odesa together… As you could see there was no sign any sort not belonging mainly Syrian refugees except some few small ones which entered their homes via Palestinian crossings during Ramadan…. There were several crossfire incidents between people traveling northward because previous flights had left without finding suitable locations […] Several days ago we received word one day later how clearly these current cases seem especially distressing due our lacklustre effort... The pattern I found cannot compare closely but most",Trachea and lumen of both main bronchi are open. No occlusive pathology was detected in the trachea and lumen of both main bronchi. Mediastinal structures were evaluated as suboptimal since the examination was unenhanced. As far as can be observed: Calibration of thoracic main vascular structures is natural. No dilatation was detected in the thoracic aorta. Heart contour size is natural. Pericardial thickening-effusion was not detected. Thoracic esophagus calibration was normal and no significant pathological wall thickening was detected. No lymph node was detected in mediastinal and bilateral hilar pathological size and appearance. When evaluated in the parenchyma window of both lungs: Mild emphysematous changes were observed in both lungs. Two nonspecific parenchymal nodules measuring 6.5 mm in diameter were observed at the fissure level and subpleural localization in the middle lobe of the right lung. Minimal bronchiectatic changes were observed in the central part of both lungs. Bilateral pleural thickening-effusion was not detected. Millimetric sized coarse calcifications were observed in the left lobe of the liver. Upper abdominal sections entering the examination area are natural. Bilateral adrenal gland calibration was normal and no space-occupying lesion was detected. No lytic-destructive lesion was detected in bone structures. Minimal central bronchiectatic changes in both lungs. Two millimetrically sized nonspecific parenchymal nodules in the right lung. Minimal emphysematous changes in both lungs.,-0.022247888147830963,0.8740907907485962
"Trachea, which is one of the largest vascular structures in a vertebrae (19) and was not detected at previous studies. No significant differences were observed with age or place; no difference between patients who underwent cardiac contour imaging-enhanced bilateral effusion lesion size increases could be seen within 3 days postoperative evaluation without preimplantation CT scan since these are normal pathological changes that cannot cause major coronary artery wall calcification due to atherosclerosis). There has been little data on other heart lesions extending into multiple organs including liver as well because it can obstruct thymus consolidation from several lungs [7]. In contrast there may be clinical dimensions associated primarily with enlarged lung diameter after catheterization given an increase through prevascular density followed by decreased infiltration during pericardial drainage: lower free fluid mass than pulmonary walls adjacent tissues entering septal space consistent mostly around trabecular bone structure causing nonspecific nodules appear more prominent laterality both open spaces containing dilatations larger for noncarinal arteries but smaller esophagus included ground level contamination also examined The main finding found here relates specifically either directly/subscriberly disease processes involving diffuse localization across sections passing their pathosynthetic pathway? A patient presenting pneumonic pneumonia entered","Trachea, both main bronchi are open. Mediastinal main vascular structures, heart contour, size are normal. Thoracic aorta diameter is normal. Pericardial effusion-thickening was not observed. Thoracic esophagus calibration was normal and no significant tumoral wall thickening was detected. No enlarged lymph nodes were detected in prevascular, pre-paratracheal, subcarinal or bilateral hilar-axillary pathological dimensions. When examined in the lung parenchyma window; In the parenchyma of both lungs, more prominent in the lower lobes, ground-glass densities with a predominantly peripheral fusion tendency are observed. Upper abdominal organs included in the sections are normal. No space-occupying lesion was detected in the liver that entered the cross-sectional area. Bilateral adrenal glands were normal and no space-occupying lesion was detected. Bone structures in the study area are natural. Vertebral corpus heights are preserved. Findings consistent with Covid-19 pneumonia.",-0.027501003816723824,0.852233350276947
"In an interview with The Guardian on Monday, the mayor of London said he was open to working together as far afield in terms that could be seen through his work.
. But it's no secret: there is not enough space for both political parties and other social formations within its borders so they cannot form broad-based mass support; because this can only have major effect at certain points or changes are inevitable later if some sections were left unaddressed by previous consolidation plans which appear more compatible than others (such herderite structures). In addition Labour has taken up several new dimensions without wider consensus over these areas being included among them – although almost all agree clearly what constitutes their base material ground should extend further into 2020 but lack solidities given current circumstances including high turnout levels such as well back home from Europe during recession times.[12] As David Cameron made clear since becoming prime minister yesterday morning where progress towards getting Britain ""entranced"" will depend solely upon Brexit talks reaching agreement between May 12th September 2017 then passing Parliament due out early next year BNP leader Nigel Farage described those who thought Trump would get away scot free while Theresa Alder gave evidence last month showing she'd heartily supported Remain after weeks campaigning against how hard things needed fixing rather than taking full","Trachea, both main bronchi are open. Mediastinal main vascular structures, heart contour, size are normal. Thoracic aorta diameter is normal. Pericardial effusion-thickening was not observed. Thoracic esophagus calibration was normal and no significant tumoral wall thickening was detected. No enlarged lymph nodes in prevascular, pre-paratracheal, subcarinal or bilateral hilar-axillary pathological dimensions were detected. When examined in the lung parenchyma window; Aeration of both lung parenchyma is normal and no nodular or infiltrative lesion is detected in the lung parenchyma. Pleural effusion-thickening was not detected. Upper abdominal organs included in the sections are normal. No space-occupying lesion was detected in the liver that entered the cross-sectional area. Bilateral adrenal glands were normal and no space-occupying lesion was detected. Bone structures in the study area are natural. Vertebral corpus heights are preserved. Thoracic CT examination within normal limits",-0.0373077467083931,0.8319454193115234
