Model,Organ,N,GREEN,BLEU-4,METEOR,ROUGE-L,CIDEr,BERTScore,RadGraph,CheXbert,RadCliQ,SRR-BERT
curriculum_learning,GLOBAL,1563,0.1941653675818743,0.0321471698805817,0.2503477625727363,0.2498224639776801,0.0182062438223595,0.5072261576307788,0.1333116293756703,0.2687640363147259,0.7726902801320715,0.3215824503564864
lora_with_vis_tokens_pos_embed_undersampling,GLOBAL,1563,0.3180079908006971,0.0816038250760887,0.3162199126758541,0.3340304339681583,0.0279490633985509,0.5630780395527948,0.2368017936578199,0.2029204067505474,0.999564595617631,0.2974154034286508
lora_with_vis_tokens_pos_embed_weight_loss,GLOBAL,1563,0.2982369642158509,0.0625741647456567,0.2942253148204437,0.3161473803761037,0.0251373964677554,0.5553465819633396,0.2141467140324564,0.1994504147319377,0.9520094171279416,0.2932432088064268
medgemma_alignment_v1,GLOBAL,1563,0.0,0.0,0.3175066282857732,0.0,0.0315576025742385,0.0,0.0,0.0,0.0,0.0
medgemma_architecture_v3,GLOBAL,1563,0.3131103559126592,0.0825713897714942,0.3178103364031931,0.3349732341254399,0.0300446092251753,0.5640955747737384,0.2423886402142404,0.2064290325797776,1.007248444964633,0.3006031137675228
medgemma_lora_vis_token_pos_embed,GLOBAL,1563,0.3476981636050733,0.1054258432431177,0.343623942527575,0.3789024103953676,0.0843242082815042,0.596052569337785,0.268244569846962,0.0264103524288962,1.1041637253305403,0.3238461859289375
medical_vlm_8_tokens_full,GLOBAL,1563,0.3227989443200575,0.0923274869929224,0.3277379210583821,0.3409847209914139,0.0407572214243078,0.5670190259042033,0.2432719777840009,0.2388024574393027,1.03740971231937,0.3304718649835886
medical_vlm_8_tokens_full_maxpool,GLOBAL,1563,0.3202354030540775,0.085743554403696,0.3221596809514234,0.337995591280012,0.0352456025537853,0.566160403759298,0.2407784573920085,0.2129917340681435,1.019888738966499,0.3158613356645501
multiscale_vit_fpn,GLOBAL,1563,0.3273482997543063,0.085792037880242,0.3217727140373333,0.3373940122067769,0.0426889782308362,0.5656382419783872,0.2417925752045391,0.240808269953122,1.0218111479892285,0.3260522494633686
