patient_id,pred,ref
valid_730_a,"LUNG: "" :...
..,.. ).. #.. }.. _.. 1.. 2.. 3.. 4........... ].. The..... )....).. A.. H.. D.. J.. I.. C.. S.. V.. U. SI.. N.. P.. T.. B. Y. Z. X. L. Int. E. DEC. SH. EX. INT. DE. UN. DES. PR. G. K. W. WC. SP. WE. TIME. M MP. HE.
HEART: ...
..,.. :.. #.. ;.. }.. I was to his form of form,... He had to be in form form. The body is. A-weight gain. And the change. As we were not. We have to hold. In form. No.


 T H B C D V II 2 3 3 4 1 1 1. This. It. Was Not Imit. Then. Form. Type. End. All. If. Defend. Class. Head. Full. head. report. outline. label. description. "" extention. span class. broad breadth. category. comprehensive mass list. term.
AORTA: redness of. The shall come to the upon an upon a upon upon upon as a upon unto as a and as as are as that as they as medenance unto as as, as as as if as as we as were as do as or as have not as go as as for as it as reflect as all as I was as sit in as serve as people as don as be as 2 As may as who as these as We as walk as condemn as They as strike as one as non- because as you as pared them as our as pivot's soul as bodun't. Refite. It s t say as represent nation over us as other as two types
 those as what is no as
ESOPHAGUS: "" "" "". "" "" ] "" "" ) "" : "" "", "" "" # "" "" ; ""! "" ; /* * "" in. "" ; } );

 const unsigned int __int_t. as % "" "" and "". '. "" { "" ; for the-un. & U & H & G & ^ & & & @ & & n & & 1 & 2 & _ & A & ~ & C& & D & & / & & >> & & B & & We & & New & & Comm & & P T & & General & & F & & I V O S & & The Media &, &


 Convert & a Class of &
TRACHEA: : "" for the. of


. * )'The, and in a unit-t - 1 : 0 2 3 4 V N Type II X No T U Unit Zero To Inf Def Up to Imty Val Of As A Yes Is Not In Un... I Complete Form And XX IV VT VS G V V V XV V V Victory V VV V V War V V Total V V Vs D V V Y V V % V V v V V VC V V VK V V VI V V VA V V VER V V VII V V UN V V Vietnam V V Viet V V Korea V V P V V Vanity V V SV V V CV V V MV V V Vita V V Virtual","LUNG: Pleuroparenchymal sequelae density increases were observed in the left lung inferior lingular segment. No mass nodule-infiltration was detected in both lung parenchyma. Sequelae changes are present in the left lung.
HEART: Heart contour size is natural.
AORTA: No dilatation was detected in the thoracic aorta.
ESOPHAGUS: Thoracic esophagus calibration was normal and no significant pathological wall thickening was detected.
TRACHEA: Trachea and lumen of both main bronchi are open. No occlusive pathology was detected in the trachea and lumen of both main bronchi."
valid_75_a,"LUNG: "" :...


.. }

 )..,..



 I / / /.. #

 _...... The....... *.. A.. __.. 1.. 2.. 3. 4. 48. 64. 32. 16. 24. 6. 8. 12. 14. 15. 17. 18. 19. 20. 21. 22. 23. 25. 26. 27. 28. 29. 33. 34. 35. 36. 37. 38. 39. 44. 46. 49. 65. 66. 67. 68. 69. 70. 72. 62. 63
HEART: "" was his.
 said the to to to do to to take to be to hold to stand to hold a to hold, to hold hold to hold it to hold form to holdhold to hold-to hold to strike 3 to to this to to block of to move to hold 1 to to stop lie to st. I did to change to action. The to recognize that is to recognition and to label as well to claim to not to walk to halt. It to collapse. We had to transform. In mass mass mass list mass mass class mass mass body mass mass media mass mass all mass mass unit mass mass comprehensive mass mass ag mass mass massive mass mass global mass mass universal mass mass unified mass mass scale
AORTA: Describe aorta:. The shall be in the person's body-body-state-stance-tance-fence-vigency-pata-ness-dish-ness-self-nature-consent-abilty-citation-death-victory-behold-is-s-for-you-don-g-kill-no-give-your-me-med-gold-land-shin-it-indigo-stand-and-life-non-inter-nation-june-chain-thought-war-dund-strike-swallow-action-liberation-krit-un-aw-visity-undate-sp
ESOPHAGUS: Describe esophagus:.
 "" );
 void __class_unmap_t * ', { if (c) in the a, ). C_C_M_N_ and opt : end # endif ;


 def int A_Assoc_m_n_f_l_lt_as_ as %include!include includeincludeincludeincludein.includeincludesectionincludeincludedefdefdefdefinedefdefgincludeinclude-includeinclude__includeincludeincludesdefdeftagincludeincludecomcomcommancomcomconscomcomcommenttwcomcomallcomcomreplycomcombegincomcomcncomcomarticlecomcomforfuncomcomnpcomcomconstcomcom comiscomcom
TRACHEA: as. for the body of person, that is to be in a non-ty and unit.
 part.. 1 2 3 4 Yes V The No Type 0 N T A Is Not As To In Inf Def Zero - I was must not to do n form or if type of...


 6 D All Complete Victory Un Light Source : This Val's Imnation) may will have all upon U Unit II (v. ) shall share of nation. Must Hold Objective Strike Defeat Full Judgment Incarnate Universal Imm General Ret. Formation Non Counter Assault High Definition Re Loss Fully Accept Uniform Recogn War Valid Heavy Heart Select Ref Met Abs Gain Total Conversion H Perfect Dual Proof St Has & / L Cast G 64","LUNG: When examined in the lung parenchyma window, a patchy ground glass density and crazy paving pattern including air bronchogram signs are observed in the left lung lower lobe superior posterior. The findings were initially evaluated in favor of an infectious process (bronchopneumonia?, viral pneumonia?). Clinical and laboratory correlation and follow-up. and differential diagnosis. Patchy ground glass density and crazy paving pattern including air bronchogram signs are observed in the superior posterior of the left lung lower lobe. The findings were initially evaluated in favor of an infectious process (bronchopneumonia?, viral pneumonia?). Clinical and laboratory correlation and evaluation in terms of follow-up and differential diagnosis. recommended.
HEART: Heart contour, size are normal. Pericardial effusion-thickening was not observed.
AORTA: Calcific atheroma plaques are observed in the aortic arch and descending aorta. Thoracic aorta diameter is normal. Calcific atheromatous plaques in the aortic arch and descending aorta.
ESOPHAGUS: Thoracic esophageal calibration was normal and no significant tumoral wall thickening was detected.
TRACHEA: Trachea, both main bronchi are open."
